code,name,level_0,eps,roe,fcff,ocf_to_profit,free_cashflow,grossprofit_margin,debt_to_assets,current_ratio,industry_name_L1_L2_L3
SH600255,鑫科材料,2,0.10759493670886076,0.17721518987341772,0.25316455696202533,0.0379746835443038,0.47468354430379744,0.10126582278481013,0.8607594936708861,0.24050632911392406,0.9493670886075949
SH603897,长城科技,13,0.8227848101265823,0.6075949367088608,0.6455696202531646,0.0759493670886076,0.810126582278481,0.06329113924050633,0.5822784810126582,0.4936708860759494,0.8354430379746836
SH688082,盛美上海,19,0.5886075949367089,0.45569620253164556,0.26582278481012656,0.08860759493670886,0.47468354430379744,0.7215189873417721,0.27848101265822783,0.8227848101265823,0.0949367088607595
SZ000509,*ST华塑,28,0.0759493670886076,0.0759493670886076,0.3670886075949367,0.012658227848101266,0.20253164556962025,0.17721518987341772,0.9113924050632911,0.21518987341772153,0.45569620253164556
SZ000803,北清环能,31,0.33544303797468356,0.4050632911392405,0.21518987341772153,0.05063291139240506,0.47468354430379744,0.3924050632911392,0.8227848101265823,0.13924050632911392,0.6329113924050633
SZ002947,恒铭达,48,0.189873417721519,0.12658227848101267,0.189873417721519,0.06329113924050633,0.12658227848101267,0.34177215189873417,0.24050632911392406,0.759493670886076,0.5886075949367089
SZ003038,鑫铂股份,50,0.7341772151898734,0.7341772151898734,0.10126582278481013,0.02531645569620253,0.0759493670886076,0.13924050632911392,0.8734177215189873,0.27848101265822783,0.5
