code,name,level_0,eps,roe,fcff,ocf_to_profit,free_cashflow,grossprofit_margin,debt_to_assets,current_ratio,industry_name_L1_L2_L3
SH600821,金开新能,8,0.24050632911392406,0.4936708860759494,0.012658227848101266,0.9367088607594937,0.012658227848101266,0.8734177215189873,0.9620253164556962,0.17721518987341772,0.7721518987341772
SH600955,维远股份,9,0.9367088607594937,0.9620253164556962,0.02531645569620253,0.6835443037974683,0.47468354430379744,0.4430379746835443,0.10126582278481013,0.8734177215189873,0.3670886075949367
SH688192,迪哲医药-U,22,0.012658227848101266,0.02531645569620253,0.0379746835443038,0.15822784810126583,0.02531645569620253,0.11392405063291139,0.08860759493670886,0.9620253164556962,0.0949367088607595
SZ002455,百川股份,42,0.3670886075949367,0.5822784810126582,0.0759493670886076,0.8354430379746836,0.06329113924050633,0.12658227848101267,0.9367088607594937,0.08860759493670886,0.31645569620253167
SZ002984,森麒麟,49,0.7088607594936709,0.5443037974683544,0.05063291139240506,0.8227848101265823,0.0379746835443038,0.3037974683544304,0.5189873417721519,0.7341772151898734,0.5569620253164557
SZ300568,星源材质,58,0.33544303797468356,0.379746835443038,0.08860759493670886,0.8607594936708861,0.47468354430379744,0.6708860759493671,0.6708860759493671,0.2911392405063291,0.7974683544303798
SZ301047,义翘神州,77,1.0,0.759493670886076,0.06329113924050633,0.620253164556962,0.05063291139240506,1.0,0.02531645569620253,1.0,0.4430379746835443
