code,name,level_0,eps,roe,fcff,ocf_to_profit,free_cashflow,grossprofit_margin,debt_to_assets,current_ratio,industry_name_L1_L2_L3
BJ833874,泰祥股份,0,0.08860759493670886,0.0949367088607595,0.4430379746835443,0.15822784810126583,0.47468354430379744,0.02531645569620253,0.012658227848101266,0.012658227848101266,0.0949367088607595
SH600319,*ST亚星,5,0.45569620253164556,1.0,0.4050632911392405,0.10126582278481013,0.47468354430379744,0.0379746835443038,1.0,0.02531645569620253,0.3860759493670886
SZ000798,中水渔业,30,0.0379746835443038,0.05063291139240506,0.569620253164557,0.15822784810126583,0.7341772151898734,0.012658227848101266,0.7088607594936709,0.05063291139240506,0.0949367088607595
SZ002092,中泰化学,34,0.7215189873417721,0.5316455696202531,1.0,0.8734177215189873,1.0,0.1518987341772152,0.8860759493670886,0.0759493670886076,0.3860759493670886
SZ002455,百川股份,42,0.3670886075949367,0.5822784810126582,0.0759493670886076,0.8354430379746836,0.06329113924050633,0.12658227848101267,0.9367088607594937,0.08860759493670886,0.31645569620253167
SZ002458,益生股份,43,0.10759493670886076,0.11392405063291139,0.20253164556962025,1.0,0.13924050632911392,0.16455696202531644,0.6835443037974683,0.0379746835443038,0.27848101265822783
SZ300692,中环环保,69,0.4050632911392405,0.5189873417721519,0.8227848101265823,0.45569620253164556,0.47468354430379744,0.5443037974683544,0.8987341772151899,0.06329113924050633,0.7468354430379747
