code,name,level_0,eps,roe,fcff,ocf_to_profit,free_cashflow,grossprofit_margin,debt_to_assets,current_ratio,industry_name_L1_L2_L3
BJ833874,泰祥股份,0,0.08860759493670886,0.0949367088607595,0.4430379746835443,0.15822784810126583,0.47468354430379744,0.02531645569620253,0.012658227848101266,0.012658227848101266,0.0949367088607595
SH688192,迪哲医药-U,22,0.012658227848101266,0.02531645569620253,0.0379746835443038,0.15822784810126583,0.02531645569620253,0.11392405063291139,0.08860759493670886,0.9620253164556962,0.0949367088607595
SZ000068,华控赛格,27,0.05063291139240506,0.0379746835443038,0.8734177215189873,0.15822784810126583,0.47468354430379744,0.08860759493670886,0.9873417721518988,0.11392405063291139,0.759493670886076
SZ000509,*ST华塑,28,0.0759493670886076,0.0759493670886076,0.3670886075949367,0.012658227848101266,0.20253164556962025,0.17721518987341772,0.9113924050632911,0.21518987341772153,0.45569620253164556
SZ000798,中水渔业,30,0.0379746835443038,0.05063291139240506,0.569620253164557,0.15822784810126583,0.7341772151898734,0.012658227848101266,0.7088607594936709,0.05063291139240506,0.0949367088607595
SZ002323,*ST雅博,39,0.02531645569620253,0.012658227848101266,0.9367088607594937,0.15822784810126583,0.47468354430379744,0.4936708860759494,0.5316455696202531,0.5569620253164557,0.5189873417721519
SZ002379,宏创控股,40,0.06329113924050633,0.06329113924050633,0.620253164556962,0.15822784810126583,0.7848101265822784,0.05063291139240506,0.8481012658227848,0.22784810126582278,0.5
